{"cameraMode":{"drawMode":0,"name":"Shaded","section":"Shading Mode"},"sceneLighting":true,"audioPlay":false,"sceneViewState":{"m_AlwaysRefresh":false,"showFog":true,"showSkybox":true,"showFlares":true,"showImageEffects":true,"showParticleSystems":true,"showVisualEffectGraphs":true,"m_FxEnabled":true},"in2DMode":false,"pivot":{"x":2.8939807415008547,"y":0.8469651341438294,"z":-6.450469970703125},"rotation":{"x":-0.1017429530620575,"y":-0.15660060942173005,"z":0.016255926340818406,"w":-0.9823501706123352},"size":6.112957954406738,"orthographic":false}