{"cameraMode":{"drawMode":0,"name":"Shaded","section":"Shading Mode"},"sceneLighting":true,"audioPlay":false,"sceneViewState":{"m_AlwaysRefresh":false,"showFog":true,"showSkybox":true,"showFlares":true,"showImageEffects":true,"showParticleSystems":true,"showVisualEffectGraphs":true,"m_FxEnabled":true},"in2DMode":false,"pivot":{"x":0.864094078540802,"y":0.8980337381362915,"z":-6.017276763916016},"rotation":{"x":-0.0934360921382904,"y":-0.029552029445767404,"z":0.0028001812752336265,"w":-0.9952393174171448},"size":4.648105144500732,"orthographic":false}